slug,track,category,series,chapter,locale,status
lecture-civil-law-01,academy,Academy,민법총칙,1,ko,published
lecture-civil-law-02,academy,Academy,민법총칙,2,ko,published
lecture-civil-law-03,academy,Academy,민법총칙,3,ko,published
lecture-civil-law-04,academy,Academy,민법총칙,4,ko,published
lecture-civil-law-05,academy,Academy,민법총칙,5,ko,published
ai-leadership-1-1,academy,AI 리더십,ai-leadership,3,ko,published
ai-leadership-1-2,academy,AI 리더십,ai-leadership,4,ko,published
ai-leadership-1-3,academy,AI 리더십,ai-leadership,5,ko,published
ai-leadership-1-4,academy,AI 리더십,ai-leadership,6,ko,published
ai-leadership-1-5,academy,AI 리더십,ai-leadership,7,ko,published
ai-leadership-1-6,academy,AI 리더십,ai-leadership,8,ko,published
ai-leadership-1-7,academy,AI 리더십,ai-leadership,9,ko,published
ai-leadership-1-8,academy,AI 리더십,ai-leadership,10,ko,published
ai-leadership-2-1,academy,AI 리더십,ai-leadership,11,ko,published
ai-leadership-2-2,academy,AI 리더십,ai-leadership,12,ko,published
ai-leadership-2-3,academy,AI 리더십,ai-leadership,13,ko,published
ai-leadership-3-1,academy,AI 리더십,ai-leadership,14,ko,published
ai-leadership-3-2,academy,AI 리더십,ai-leadership,15,ko,published
ai-leadership-3-3,academy,AI 리더십,ai-leadership,16,ko,published
ai-leadership-3-4,academy,AI 리더십,ai-leadership,17,ko,published
ai-leadership-3-5,academy,AI 리더십,ai-leadership,18,ko,published
ai-leadership-3-6,academy,AI 리더십,ai-leadership,19,ko,published
ai-leadership-3-7,academy,AI 리더십,ai-leadership,20,ko,published
ai-leadership-4-1,academy,AI 리더십,ai-leadership,21,ko,published
ai-leadership-4-2,academy,AI 리더십,ai-leadership,22,ko,published
ai-leadership-4-3,academy,AI 리더십,ai-leadership,23,ko,published
ai-leadership-4-4,academy,AI 리더십,ai-leadership,24,ko,published
ai-leadership-4-5,academy,AI 리더십,ai-leadership,25,ko,published
ai-leadership-4-6,academy,AI 리더십,ai-leadership,26,ko,published
ai-leadership-intro,academy,AI 리더십,ai-leadership,1,ko,published
ai-leadership-opening,academy,AI 리더십,ai-leadership,2,ko,published
carnegie-attitude-1-1,academy,자기계발,carnegie-attitude,1,ko,published
carnegie-attitude-1-2,academy,자기계발,carnegie-attitude,2,ko,published
carnegie-attitude-1-3,academy,자기계발,carnegie-attitude,3,ko,published
carnegie-attitude-1-4,academy,자기계발,carnegie-attitude,4,ko,published
carnegie-attitude-2-1,academy,자기계발,carnegie-attitude,5,ko,published
carnegie-attitude-2-2,academy,자기계발,carnegie-attitude,6,ko,published
carnegie-attitude-2-3,academy,자기계발,carnegie-attitude,7,ko,published
carnegie-attitude-2-4,academy,자기계발,carnegie-attitude,8,ko,published
carnegie-attitude-2-5,academy,자기계발,carnegie-attitude,9,ko,published
carnegie-attitude-2-6,academy,자기계발,carnegie-attitude,10,ko,published
carnegie-attitude-2-7,academy,자기계발,carnegie-attitude,11,ko,published
carnegie-attitude-3-1,academy,자기계발,carnegie-attitude,12,ko,published
carnegie-attitude-3-10,academy,자기계발,carnegie-attitude,21,ko,published
carnegie-attitude-3-2,academy,자기계발,carnegie-attitude,13,ko,published
carnegie-attitude-3-3,academy,자기계발,carnegie-attitude,14,ko,published
carnegie-attitude-3-4,academy,자기계발,carnegie-attitude,15,ko,published
carnegie-attitude-3-5,academy,자기계발,carnegie-attitude,16,ko,published
carnegie-attitude-3-6,academy,자기계발,carnegie-attitude,17,ko,published
carnegie-attitude-3-7,academy,자기계발,carnegie-attitude,18,ko,published
carnegie-attitude-3-8,academy,자기계발,carnegie-attitude,19,ko,published
carnegie-attitude-3-9,academy,자기계발,carnegie-attitude,20,ko,published
carnegie-friends-1-1,academy,인간관계,carnegie-friends,1,ko,published
carnegie-friends-1-2,academy,인간관계,carnegie-friends,2,ko,published
carnegie-friends-1-3,academy,인간관계,carnegie-friends,3,ko,published
carnegie-friends-2-1,academy,인간관계,carnegie-friends,4,ko,published
carnegie-friends-2-2,academy,인간관계,carnegie-friends,5,ko,published
carnegie-friends-2-3,academy,인간관계,carnegie-friends,6,ko,published
carnegie-friends-2-4,academy,인간관계,carnegie-friends,7,ko,published
carnegie-friends-2-5,academy,인간관계,carnegie-friends,8,ko,published
carnegie-friends-2-6,academy,인간관계,carnegie-friends,9,ko,published
carnegie-friends-3-1,academy,인간관계,carnegie-friends,10,ko,published
carnegie-friends-3-10,academy,인간관계,carnegie-friends,19,ko,published
carnegie-friends-3-11,academy,인간관계,carnegie-friends,20,ko,published
carnegie-friends-3-12,academy,인간관계,carnegie-friends,21,ko,published
carnegie-friends-3-2,academy,인간관계,carnegie-friends,11,ko,published
carnegie-friends-3-3,academy,인간관계,carnegie-friends,12,ko,published
carnegie-friends-3-4,academy,인간관계,carnegie-friends,13,ko,published
carnegie-friends-3-5,academy,인간관계,carnegie-friends,14,ko,published
carnegie-friends-3-6,academy,인간관계,carnegie-friends,15,ko,published
carnegie-friends-3-7,academy,인간관계,carnegie-friends,16,ko,published
carnegie-friends-3-8,academy,인간관계,carnegie-friends,17,ko,published
carnegie-friends-3-9,academy,인간관계,carnegie-friends,18,ko,published
carnegie-friends-4-1,academy,인간관계,carnegie-friends,22,ko,published
carnegie-friends-4-2,academy,인간관계,carnegie-friends,23,ko,published
carnegie-friends-4-3,academy,인간관계,carnegie-friends,24,ko,published
carnegie-friends-4-4,academy,인간관계,carnegie-friends,25,ko,published
carnegie-friends-4-5,academy,인간관계,carnegie-friends,26,ko,published
carnegie-friends-4-6,academy,인간관계,carnegie-friends,27,ko,published
carnegie-friends-4-7,academy,인간관계,carnegie-friends,28,ko,published
carnegie-friends-4-8,academy,인간관계,carnegie-friends,29,ko,published
carnegie-worry-1-1,academy,자기관리,carnegie-worry,1,ko,published
carnegie-worry-1-2,academy,자기관리,carnegie-worry,2,ko,published
carnegie-worry-1-3,academy,자기관리,carnegie-worry,3,ko,published
carnegie-worry-2-1,academy,자기관리,carnegie-worry,4,ko,published
carnegie-worry-2-2,academy,자기관리,carnegie-worry,5,ko,published
carnegie-worry-3-1,academy,자기관리,carnegie-worry,6,ko,published
carnegie-worry-3-2,academy,자기관리,carnegie-worry,7,ko,published
carnegie-worry-3-3,academy,자기관리,carnegie-worry,8,ko,published
carnegie-worry-3-4,academy,자기관리,carnegie-worry,9,ko,published
carnegie-worry-3-5,academy,자기관리,carnegie-worry,10,ko,published
carnegie-worry-3-6,academy,자기관리,carnegie-worry,11,ko,published
carnegie-worry-4-1,academy,자기관리,carnegie-worry,12,ko,published
carnegie-worry-4-2,academy,자기관리,carnegie-worry,13,ko,published
carnegie-worry-4-3,academy,자기관리,carnegie-worry,14,ko,published
carnegie-worry-4-4,academy,자기관리,carnegie-worry,15,ko,published
carnegie-worry-4-5,academy,자기관리,carnegie-worry,16,ko,published
carnegie-worry-4-6,academy,자기관리,carnegie-worry,17,ko,published
carnegie-worry-4-7,academy,자기관리,carnegie-worry,18,ko,published
carnegie-worry-5-1,academy,자기관리,carnegie-worry,19,ko,published
carnegie-worry-6-1,academy,자기관리,carnegie-worry,20,ko,published
carnegie-worry-6-2,academy,자기관리,carnegie-worry,21,ko,published
carnegie-worry-6-3,academy,자기관리,carnegie-worry,22,ko,published
carnegie-worry-7-1,academy,자기관리,carnegie-worry,23,ko,published
carnegie-worry-7-2,academy,자기관리,carnegie-worry,24,ko,published
carnegie-worry-7-3,academy,자기관리,carnegie-worry,25,ko,published
carnegie-worry-7-4,academy,자기관리,carnegie-worry,26,ko,published
carnegie-worry-7-5,academy,자기관리,carnegie-worry,27,ko,published
carnegie-worry-7-6,academy,자기관리,carnegie-worry,28,ko,published
carnegie-worry-8-1,academy,자기관리,carnegie-worry,29,ko,published
carnegie-worry-9-1,academy,자기관리,carnegie-worry,30,ko,published
econ-crossroads-1-1,academy,경제 갈림길,econ-crossroads,2,ko,published
econ-crossroads-1-2,academy,경제 갈림길,econ-crossroads,3,ko,published
econ-crossroads-2-1,academy,경제 갈림길,econ-crossroads,4,ko,published
econ-crossroads-2-2,academy,경제 갈림길,econ-crossroads,5,ko,published
econ-crossroads-2-3,academy,경제 갈림길,econ-crossroads,6,ko,published
econ-crossroads-2-4,academy,경제 갈림길,econ-crossroads,7,ko,published
econ-crossroads-2-5,academy,경제 갈림길,econ-crossroads,8,ko,published
econ-crossroads-3-1,academy,경제 갈림길,econ-crossroads,9,ko,published
econ-crossroads-3-2,academy,경제 갈림길,econ-crossroads,10,ko,published
econ-crossroads-3-3,academy,경제 갈림길,econ-crossroads,11,ko,published
econ-crossroads-3-4,academy,경제 갈림길,econ-crossroads,12,ko,published
econ-crossroads-4-1,academy,경제 갈림길,econ-crossroads,13,ko,published
econ-crossroads-4-2,academy,경제 갈림길,econ-crossroads,14,ko,published
econ-crossroads-4-3,academy,경제 갈림길,econ-crossroads,15,ko,published
econ-crossroads-5-1,academy,경제 갈림길,econ-crossroads,16,ko,published
econ-crossroads-5-2,academy,경제 갈림길,econ-crossroads,17,ko,published
econ-crossroads-5-3,academy,경제 갈림길,econ-crossroads,18,ko,published
econ-crossroads-5-4,academy,경제 갈림길,econ-crossroads,19,ko,published
econ-crossroads-epilogue,academy,경제 갈림길,econ-crossroads,20,ko,published
econ-crossroads-prologue,academy,경제 갈림길,econ-crossroads,1,ko,published
inner-strength-1-1,academy,내면 근력,inner-strength,1,ko,published
inner-strength-1-2,academy,내면 근력,inner-strength,2,ko,published
inner-strength-1-3,academy,내면 근력,inner-strength,3,ko,published
inner-strength-2-1,academy,내면 근력,inner-strength,4,ko,published
inner-strength-2-2,academy,내면 근력,inner-strength,5,ko,published
inner-strength-3-1,academy,내면 근력,inner-strength,6,ko,published
inner-strength-3-2,academy,내면 근력,inner-strength,7,ko,published
inner-strength-3-3,academy,내면 근력,inner-strength,8,ko,published
inner-strength-3-4,academy,내면 근력,inner-strength,9,ko,published
inner-strength-3-5,academy,내면 근력,inner-strength,10,ko,published
inner-strength-3-6,academy,내면 근력,inner-strength,11,ko,published
mindset-day-00,academy,30일 마인드셋,mindset-30days,1,ko,published
mindset-day-01,academy,30일 마인드셋,mindset-30days,2,ko,published
mindset-day-02,academy,30일 마인드셋,mindset-30days,3,ko,published
mindset-day-03,academy,30일 마인드셋,mindset-30days,4,ko,published
mindset-day-04,academy,30일 마인드셋,mindset-30days,5,ko,published
mindset-day-05,academy,30일 마인드셋,mindset-30days,6,ko,published
mindset-day-06,academy,30일 마인드셋,mindset-30days,7,ko,published
mindset-day-07,academy,30일 마인드셋,mindset-30days,8,ko,published
mindset-day-08,academy,30일 마인드셋,mindset-30days,9,ko,published
mindset-day-09,academy,30일 마인드셋,mindset-30days,10,ko,published
mindset-day-10,academy,30일 마인드셋,mindset-30days,11,ko,published
mindset-day-11,academy,30일 마인드셋,mindset-30days,12,ko,published
mindset-day-12,academy,30일 마인드셋,mindset-30days,13,ko,published
mindset-day-13,academy,30일 마인드셋,mindset-30days,14,ko,published
mindset-day-14,academy,30일 마인드셋,mindset-30days,15,ko,published
mindset-day-15,academy,30일 마인드셋,mindset-30days,16,ko,published
mindset-day-16,academy,30일 마인드셋,mindset-30days,17,ko,published
mindset-day-17,academy,30일 마인드셋,mindset-30days,18,ko,published
mindset-day-18,academy,30일 마인드셋,mindset-30days,19,ko,published
mindset-day-19,academy,30일 마인드셋,mindset-30days,20,ko,published
mindset-day-20,academy,30일 마인드셋,mindset-30days,21,ko,published
mindset-day-21,academy,30일 마인드셋,mindset-30days,22,ko,published
mindset-day-22,academy,30일 마인드셋,mindset-30days,23,ko,published
mindset-day-23,academy,30일 마인드셋,mindset-30days,24,ko,published
mindset-day-24,academy,30일 마인드셋,mindset-30days,25,ko,published
mindset-day-25,academy,30일 마인드셋,mindset-30days,26,ko,published
mindset-day-26,academy,30일 마인드셋,mindset-30days,27,ko,published
mindset-day-27,academy,30일 마인드셋,mindset-30days,28,ko,published
mindset-day-28,academy,30일 마인드셋,mindset-30days,29,ko,published
mindset-day-29,academy,30일 마인드셋,mindset-30days,30,ko,published
mindset-day-30,academy,30일 마인드셋,mindset-30days,31,ko,published
oracle-001,academy,오라클 300,oracle-300,1,ko,published
oracle-002,academy,오라클 300,oracle-300,2,ko,published
oracle-003,academy,오라클 300,oracle-300,3,ko,published
oracle-004,academy,오라클 300,oracle-300,4,ko,published
oracle-005,academy,오라클 300,oracle-300,5,ko,published
oracle-006,academy,오라클 300,oracle-300,6,ko,published
oracle-007,academy,오라클 300,oracle-300,7,ko,published
oracle-008,academy,오라클 300,oracle-300,8,ko,published
oracle-009,academy,오라클 300,oracle-300,9,ko,published
oracle-010,academy,오라클 300,oracle-300,10,ko,published
oracle-011,academy,오라클 300,oracle-300,11,ko,published
oracle-012,academy,오라클 300,oracle-300,12,ko,published
oracle-013,academy,오라클 300,oracle-300,13,ko,published
oracle-014,academy,오라클 300,oracle-300,14,ko,published
oracle-015,academy,오라클 300,oracle-300,15,ko,published
oracle-016,academy,오라클 300,oracle-300,16,ko,published
oracle-017,academy,오라클 300,oracle-300,17,ko,published
oracle-018,academy,오라클 300,oracle-300,18,ko,published
oracle-019,academy,오라클 300,oracle-300,19,ko,published
oracle-020,academy,오라클 300,oracle-300,20,ko,published
oracle-021,academy,오라클 300,oracle-300,21,ko,published
oracle-022,academy,오라클 300,oracle-300,22,ko,published
oracle-023,academy,오라클 300,oracle-300,23,ko,published
oracle-024,academy,오라클 300,oracle-300,24,ko,published
oracle-025,academy,오라클 300,oracle-300,25,ko,published
oracle-026,academy,오라클 300,oracle-300,26,ko,published
oracle-027,academy,오라클 300,oracle-300,27,ko,published
oracle-028,academy,오라클 300,oracle-300,28,ko,published
oracle-029,academy,오라클 300,oracle-300,29,ko,published
oracle-030,academy,오라클 300,oracle-300,30,ko,published
oracle-031,academy,오라클 300,oracle-300,31,ko,published
oracle-032,academy,오라클 300,oracle-300,32,ko,published
oracle-033,academy,오라클 300,oracle-300,33,ko,published
oracle-034,academy,오라클 300,oracle-300,34,ko,published
oracle-035,academy,오라클 300,oracle-300,35,ko,published
oracle-036,academy,오라클 300,oracle-300,36,ko,published
oracle-037,academy,오라클 300,oracle-300,37,ko,published
oracle-038,academy,오라클 300,oracle-300,38,ko,published
oracle-039,academy,오라클 300,oracle-300,39,ko,published
oracle-040,academy,오라클 300,oracle-300,40,ko,published
oracle-041,academy,오라클 300,oracle-300,41,ko,published
oracle-042,academy,오라클 300,oracle-300,42,ko,published
oracle-043,academy,오라클 300,oracle-300,43,ko,published
oracle-044,academy,오라클 300,oracle-300,44,ko,published
oracle-045,academy,오라클 300,oracle-300,45,ko,published
oracle-046,academy,오라클 300,oracle-300,46,ko,published
oracle-047,academy,오라클 300,oracle-300,47,ko,published
oracle-048,academy,오라클 300,oracle-300,48,ko,published
oracle-049,academy,오라클 300,oracle-300,49,ko,published
oracle-050,academy,오라클 300,oracle-300,50,ko,published
oracle-051,academy,오라클 300,oracle-300,51,ko,published
oracle-052,academy,오라클 300,oracle-300,52,ko,published
oracle-053,academy,오라클 300,oracle-300,53,ko,published
oracle-054,academy,오라클 300,oracle-300,54,ko,published
oracle-055,academy,오라클 300,oracle-300,55,ko,published
oracle-056,academy,오라클 300,oracle-300,56,ko,published
oracle-057,academy,오라클 300,oracle-300,57,ko,published
oracle-058,academy,오라클 300,oracle-300,58,ko,published
oracle-059,academy,오라클 300,oracle-300,59,ko,published
oracle-060,academy,오라클 300,oracle-300,60,ko,published
oracle-061,academy,오라클 300,oracle-300,61,ko,published
oracle-062,academy,오라클 300,oracle-300,62,ko,published
oracle-063,academy,오라클 300,oracle-300,63,ko,published
oracle-064,academy,오라클 300,oracle-300,64,ko,published
oracle-065,academy,오라클 300,oracle-300,65,ko,published
oracle-066,academy,오라클 300,oracle-300,66,ko,published
oracle-067,academy,오라클 300,oracle-300,67,ko,published
oracle-068,academy,오라클 300,oracle-300,68,ko,published
oracle-069,academy,오라클 300,oracle-300,69,ko,published
oracle-070,academy,오라클 300,oracle-300,70,ko,published
oracle-071,academy,오라클 300,oracle-300,71,ko,published
oracle-072,academy,오라클 300,oracle-300,72,ko,published
oracle-073,academy,오라클 300,oracle-300,73,ko,published
oracle-074,academy,오라클 300,oracle-300,74,ko,published
oracle-075,academy,오라클 300,oracle-300,75,ko,published
oracle-076,academy,오라클 300,oracle-300,76,ko,published
oracle-077,academy,오라클 300,oracle-300,77,ko,published
oracle-078,academy,오라클 300,oracle-300,78,ko,published
oracle-079,academy,오라클 300,oracle-300,79,ko,published
oracle-080,academy,오라클 300,oracle-300,80,ko,published
oracle-081,academy,오라클 300,oracle-300,81,ko,published
pension-rich-1-1,academy,연금 부자,pension-rich,1,ko,published
pension-rich-1-2,academy,연금 부자,pension-rich,2,ko,published
pension-rich-2-1,academy,연금 부자,pension-rich,3,ko,published
pension-rich-2-2,academy,연금 부자,pension-rich,4,ko,published
pension-rich-3-1,academy,연금 부자,pension-rich,5,ko,published
pension-rich-3-2,academy,연금 부자,pension-rich,6,ko,published
pension-rich-4-1,academy,연금 부자,pension-rich,7,ko,published
pension-rich-4-2,academy,연금 부자,pension-rich,8,ko,published
speech-1-1,academy,말하기 기술,speech-skills,1,ko,published
speech-1-2,academy,말하기 기술,speech-skills,2,ko,published
speech-1-3,academy,말하기 기술,speech-skills,3,ko,published
speech-3-1,academy,말하기 기술,speech-skills,4,ko,published
speech-3-2,academy,말하기 기술,speech-skills,5,ko,published
speech-3-3,academy,말하기 기술,speech-skills,6,ko,published
speech-4-1,academy,말하기 기술,speech-skills,7,ko,published
speech-4-2,academy,말하기 기술,speech-skills,8,ko,published
speech-4-3,academy,말하기 기술,speech-skills,9,ko,published
speech-4-4,academy,말하기 기술,speech-skills,10,ko,published
speech-5-1,academy,말하기 기술,speech-skills,11,ko,published
speech-5-2,academy,말하기 기술,speech-skills,12,ko,published
speech-5-3,academy,말하기 기술,speech-skills,13,ko,published
mbti-dict-infp,dictionary,MBTI 사전,mbti-dict,4,ko,published
mbti-dict-intj,dictionary,MBTI 사전,mbti-dict,3,ko,published
mbti-dict-enfp,dictionary,MBTI 사전,mbti-dict,7,ko,published
mbti-dict-istj,dictionary,MBTI 사전,mbti-dict,1,ko,published
enneagram-dict-type1,dictionary,에니어그램 사전,enneagram-dict,1,ko,published
enneagram-dict-type4,dictionary,에니어그램 사전,enneagram-dict,4,ko,published
enneagram-dict-type7,dictionary,에니어그램 사전,enneagram-dict,7,ko,published
